{"cameraMode":{"drawMode":0,"name":"Shaded","section":"Shading Mode"},"sceneLighting":false,"audioPlay":false,"sceneViewState":{"showFog":true,"showMaterialUpdate":true,"showSkybox":false,"showFlares":true,"showImageEffects":true,"showParticleSystems":true},"in2DMode":false,"pivot":{"x":-6.760000228881836,"y":-11.60191535949707,"z":-2.430000066757202},"rotation":{"x":0.07224612683057785,"y":0.373493492603302,"z":-0.029191987589001657,"w":0.9243556261062622},"size":2.8578836917877199,"orthographic":false}